,IsLuxury
4815,1
3059,0
985,1
6022,0
6630,1
705,0
2610,0
6914,1
5844,1
6245,1
2043,0
6162,0
2991,1
217,0
5227,0
727,0
1374,0
4760,0
3492,0
4998,1
287,0
1825,0
5240,1
3099,0
686,0
5005,1
5769,1
4460,1
3042,1
6470,1
973,0
1766,0
3012,0
3406,0
3417,0
1147,0
4021,1
492,0
1519,0
5912,1
1114,0
636,0
6826,0
81,0
6308,0
2899,0
3239,0
5919,0
3290,0
6248,1
72,0
5852,1
2934,0
3134,0
1247,0
6169,0
6546,1
6277,1
5851,1
3194,0
6000,1
1078,1
4839,1
1384,0
6959,1
4531,1
756,1
1936,0
2968,0
1851,0
3977,1
1604,0
4365,0
2215,0
1023,0
5390,1
3316,0
1987,0
5444,1
6899,1
4652,1
3698,0
6676,1
2529,0
3908,1
684,0
5614,1
389,0
1576,0
3822,1
2188,0
6156,1
3722,1
4738,1
1759,1
1005,1
1483,0
1961,0
3544,1
22,0
4640,1
6265,1
5990,0
2331,0
3619,1
4421,1
4015,0
5918,1
2506,1
3810,1
2885,0
1503,0
3831,1
689,0
5099,1
3296,0
445,0
1447,1
4999,1
2900,0
1399,0
5439,1
4614,1
273,0
6744,1
6402,1
5952,1
3339,0
4141,1
605,1
4195,1
4816,1
1532,0
1873,0
6326,1
1536,0
4627,1
359,0
6878,1
2093,0
6728,1
486,0
6299,1
4045,1
5377,1
574,0
3005,0
5631,1
6095,1
501,0
3223,1
5414,1
6154,0
1990,0
1771,0
4447,1
6624,1
3554,1
3883,1
5416,1
82,1
2296,0
2040,0
6174,1
1502,0
196,0
4246,1
3169,0
3867,1
4136,0
5666,1
6173,1
1304,0
5947,1
4593,1
6671,0
3001,0
5590,1
5596,1
4532,1
4234,1
428,0
239,0
4224,1
943,0
940,0
6104,1
1793,0
3853,1
1060,0
870,0
6533,1
582,0
2458,0
6372,0
3806,1
5493,1
221,0
4710,1
3321,0
6525,1
342,0
5989,1
3427,0
1298,0
3153,0
5424,1
2975,0
2606,0
4582,1
2992,0
3423,1
1573,0
792,0
2641,0
5483,1
2217,0
4215,1
6243,1
2723,0
4538,1
6477,1
1681,0
3954,1
4090,1
2827,0
5455,1
3579,1
2998,0
5080,1
5900,1
1556,1
4981,1
453,0
4451,1
694,0
4244,1
6362,1
1657,1
5202,1
587,1
5771,1
3696,1
559,0
6042,1
2300,0
5038,1
1628,0
6388,1
1266,0
6551,1
946,0
4955,0
3488,1
2487,0
4493,1
5922,1
3317,1
4896,1
6081,1
4934,1
2570,0
3160,0
4654,1
4606,1
881,0
2362,1
2392,0
6953,1
988,1
2157,0
5206,1
548,1
5831,1
3359,0
6946,0
4272,1
5635,1
3470,0
795,0
6227,1
5907,1
5399,1
6522,1
3862,1
5179,1
3972,1
5827,1
1288,0
3458,0
763,0
1662,0
6752,1
3493,1
2896,0
3969,1
1017,0
5504,1
337,0
592,0
3204,0
4144,1
3984,1
2347,0
4750,1
206,0
1424,1
3829,1
3500,0
4172,1
4360,1
3496,0
3334,0
2839,0
6111,1
6614,1
3041,0
6976,1
5146,1
102,0
5888,1
2076,0
1357,1
4899,1
589,0
4017,1
3305,0
6058,1
2688,0
1228,0
6421,1
289,0
6060,0
6086,1
1758,0
3318,0
2408,0
5879,0
3821,1
5165,0
2176,0
5041,1
2012,1
3729,1
2159,0
3600,1
5333,1
4221,1
6414,1
5285,1
1915,0
958,0
2263,0
1394,1
2966,0
2764,0
6745,0
4267,1
4106,1
5467,1
1091,0
1899,0
2645,0
5496,0
192,1
3847,1
3191,0
5327,1
2229,0
6508,1
3128,1
1881,0
4960,1
1310,0
6812,1
3489,0
3382,0
5978,1
1719,0
5337,1
238,0
304,0
5996,1
6640,1
1676,0
3218,0
3469,0
4688,1
5685,1
2304,0
3939,1
4297,1
3983,0
6211,1
2639,1
4103,0
4581,1
5000,0
2945,0
5799,1
4847,1
783,0
6184,1
392,0
2407,0
4941,1
2836,1
1929,0
4119,0
6427,1
5818,1
3693,1
280,0
1026,0
557,0
1463,1
1669,0
3657,1
1255,1
2804,0
3137,0
5895,1
1016,1
4315,1
6722,0
5543,0
5669,1
3828,1
5111,1
2983,0
4621,1
6754,1
2694,0
1768,0
1403,0
6314,1
4781,1
6906,0
846,1
5156,1
779,0
5921,1
5843,1
4498,1
1396,1
4344,1
931,0
4608,1
5692,1
1238,0
5328,1
1011,0
6403,0
3577,1
1642,0
6753,1
5270,1
1386,0
3015,0
2857,0
4167,1
2807,0
4206,1
4108,0
6315,1
2623,1
6155,1
2488,0
5732,1
4580,1
854,0
5263,1
2366,0
1453,0
537,0
1710,0
1697,0
2406,0
3762,1
5257,1
3411,0
4071,1
5511,1
6854,1
3678,1
6767,1
4260,0
6874,1
3571,1
6279,1
3738,1
4977,1
2675,0
4604,1
367,0
804,0
4482,1
4190,1
3953,1
4991,0
566,0
3607,1
2685,0
6366,1
5840,1
1577,0
6216,1
507,0
5183,0
2351,0
159,0
98,0
5309,1
4402,1
1198,0
667,1
858,0
246,0
6980,1
5929,1
1549,0
996,0
3667,1
3207,0
6439,1
4762,1
5471,1
5675,1
2809,0
6150,1
6667,1
1381,0
6474,1
4826,1
6851,1
5544,1
4147,1
4924,0
6510,1
6683,1
556,0
3924,1
1406,0
993,0
5797,1
5392,1
4769,1
2847,0
4558,1
4016,1
5702,1
791,0
5821,1
5752,1
2852,0
995,0
4068,1
3652,1
4040,1
934,0
3836,1
1954,0
1783,0
2355,0
1734,0
700,0
5537,1
2098,0
2692,0
344,0
6757,1
6821,1
2394,0
2739,0
1081,0
4257,1
3273,0
6181,1
850,0
4719,1
4148,1
524,0
6005,1
2687,0
4107,1
323,0
5162,1
5367,1
2740,0
4277,1
1893,0
4659,1
3253,0
4002,1
3525,1
5290,1
5,0
1729,0
6336,1
1297,0
3142,0
4076,1
3201,0
6581,1
4239,1
6238,1
6031,1
616,0
575,0
3612,1
3351,1
976,0
3645,1
639,0
4906,1
2539,0
3676,1
5713,1
5311,1
1828,0
3281,0
5260,1
5865,1
1179,0
288,0
513,0
5798,1
1385,1
5581,1
987,1
432,0
4591,1
588,0
3397,0
3022,0
6808,1
3922,1
847,0
2567,0
4511,1
62,0
2136,0
1225,0
2340,0
4324,1
2459,0
108,0
517,0
4497,1
5255,1
5055,1
3916,1
1621,0
757,1
3743,1
1039,0
6535,0
3909,1
5946,1
3625,1
1437,0
5232,1
348,0
1566,0
3697,1
2106,0
1833,0
4736,1
1413,0
3985,1
2349,0
3438,0
701,0
2582,0
4250,1
2537,1
1398,0
3228,0
643,0
4268,1
2130,0
4886,1
1839,0
1019,0
6685,1
1891,0
2545,0
960,0
1042,0
1831,0
6977,1
6941,1
3905,1
1351,0
2048,0
6229,1
6056,1
2754,0
5704,1
1579,0
1040,0
1074,1
5795,1
6865,1
5965,1
2984,0
4665,1
4956,1
1456,0
5924,1
4554,1
2890,0
2704,0
6303,1
5144,1
244,0
959,0
6809,0
5792,0
434,0
5502,1
6735,1
4579,1
5129,1
2856,0
1751,0
4400,1
6213,1
477,0
711,1
5640,1
3282,0
1797,0
495,0
3568,1
4629,1
3813,0
2402,0
1272,0
4879,1
91,0
4539,1
6521,1
5164,1
563,1
5535,1
4411,1
6761,1
6940,1
1784,0
2060,0
1709,0
123,0
6750,1
2253,0
839,0
2010,0
3578,1
3649,1
3196,0
778,0
4220,1
1937,0
3385,0
857,0
4207,1
6351,1
1236,0
726,0
5705,1
3484,0
5268,1
2851,0
2023,0
275,0
5822,0
4649,0
40,1
329,0
4290,0
4463,1
6765,1
6897,1
3499,0
796,0
6686,1
6978,1
2404,0
6062,1
5132,1
1865,0
3610,1
4079,1
4569,1
4392,0
5049,1
3791,1
4437,1
6269,1
6393,1
610,0
3347,0
6995,1
560,0
6987,1
3073,0
1596,0
6983,0
4198,1
3709,1
5142,1
5456,1
2273,0
1776,0
2588,1
5231,1
100,0
4679,1
5627,1
5350,1
981,0
6084,1
3798,0
5915,1
5207,1
1240,1
3205,0
5035,1
5942,1
3331,0
4754,1
2068,0
2820,0
3501,0
6294,1
2039,0
3004,0
2949,1
5491,1
3242,1
5770,1
6133,0
2624,0
3259,0
205,0
1375,0
1006,0
6040,1
1847,0
2842,0
4253,1
3341,0
6187,1
2216,0
6249,1
2379,0
3420,0
5318,1
4683,1
4317,1
6764,1
1630,0
3595,1
4572,0
1916,0
2105,0
1352,0
735,0
6049,1
894,0
2733,1
4937,1
6256,1
646,0
2186,0
4405,1
6309,1
5239,1
6898,1
3530,1
1650,0
680,0
3868,1
2755,0
1296,0
6548,1
4843,1
518,0
4069,1
6555,1
5774,1
3733,1
1448,0
5450,1
5662,1
6626,1
5221,1
3376,0
1796,0
2663,0
2247,0
3692,1
2695,0
3186,0
4086,1
2718,0
4557,1
16,0
4093,1
2505,0
5817,1
2237,1
6938,1
1061,0
2067,0
6715,1
2363,0
1859,0
190,1
484,0
3163,0
6193,1
5566,0
1370,0
3979,0
6339,1
5228,1
6072,1
2378,0
2472,0
110,0
1055,0
5069,1
5513,1
2354,0
1601,0
232,0
1248,0
5733,1
1840,0
5002,1
4546,1
1914,0
6348,0
4589,0
4599,1
4058,1
933,0
1045,0
2932,0
3807,1
3630,1
37,0
1560,1
12,0
6401,1
5863,1
1387,0
597,0
4401,1
2720,1
3044,0
4479,1
1021,0
836,0
2501,0
2726,0
6917,1
4893,1
2578,1
5937,1
2497,0
6009,1
1963,0
6876,1
104,0
1764,0
4496,1
1134,0
1268,0
6333,1
3671,1
516,0
3461,1
926,0
2909,0
4494,1
5435,1
5492,1
4398,0
4774,1
4306,0
4555,1
6230,1
3264,0
3285,0
5420,1
1966,0
5476,1
4286,1
3553,1
6527,1
2735,0
678,0
5335,1
4390,1
1951,0
165,1
4265,0
5473,1
4389,1
2032,0
5791,1
2550,0
3990,1
1606,0
3014,0
230,0
3705,1
1845,0
1495,0
3456,0
3830,1
571,0
6567,1
1648,0
6762,1
1926,1
2586,0
3074,0
6907,1
1850,1
5155,1
1300,0
885,0
5143,1
6558,0
2308,0
3502,1
3555,0
322,0
11,0
17,0
5088,0
5576,1
6436,1
4099,1
3126,1
2155,0
5122,1
3258,0
3080,0
3779,1
579,0
19,0
1395,0
2901,0
4545,0
4161,1
5486,1
770,0
3731,1
6840,1
5297,1
6883,1
5130,1
494,0
5646,1
2854,0
1094,0
2796,0
6384,1
4757,1
5323,1
6460,1
6816,1
6637,1
2785,0
2963,0
2372,0
2318,0
86,0
4082,1
1655,1
1724,0
5738,1
2264,0
3100,0
480,0
4429,1
6404,1
2204,0
4642,1
5249,0
5154,1
2139,0
1044,0
5408,0
4897,1
6459,1
2879,0
6494,1
2226,1
2289,0
769,0
3,0
6622,0
1488,0
1419,0
5039,1
2284,0
1004,0
965,0
2128,0
1113,0
4304,1
3896,1
6599,0
4247,1
2185,0
4240,1
638,0
3465,0
921,0
1552,0
6709,1
1967,0
5884,1
3631,1
5211,1
2779,0
4784,1
5523,1
4228,1
6989,1
393,0
1634,0
270,0
551,0
1625,0
2954,0
5233,1
3682,1
422,0
2912,0
3878,1
6180,1
5518,1
703,0
3189,0
2600,0
4443,0
3053,0
5302,1
1666,0
1335,0
194,1
4146,1
3880,1
5913,1
659,0
3172,0
3745,1
361,0
2427,0
5319,1
6605,1
2717,0
1126,0
2274,0
1020,0
2266,0
2513,0
5673,1
771,0
13,0
3509,1
5778,1
5382,1
5615,1
2942,0
3081,1
133,1
2084,1
827,0
2951,0
4065,1
777,0
661,0
3026,0
4269,1
5697,0
4245,1
6627,1
622,0
4475,1
4706,1
227,0
1030,0
4507,1
5303,1
593,0
6097,0
4410,1
5766,1
4613,1
1922,0
443,0
358,0
6129,1
1293,0
998,0
6335,1
2332,0
3078,0
2886,0
4814,1
2006,0
191,0
893,0
4184,1
2999,0
2451,0
3504,1
3933,1
6513,1
6732,1
4515,1
256,0
6122,1
3991,1
6273,1
4637,1
5170,1
2294,0
1832,0
4052,1
1037,0
471,0
6692,1
6047,1
759,0
4817,0
851,0
5136,1
1364,1
6549,1
4032,1
891,0
4320,1
1715,0
5375,1
4446,1
5361,1
2147,0
3946,1
4984,1
335,0
1121,0
3522,1
2088,0
4214,1
2313,0
5564,0
1789,1
6763,1
4299,1
919,0
5741,1
2579,0
4741,1
4837,1
306,0
1249,0
3463,1
5737,1
2911,0
5284,1
4517,0
3626,1
6201,1
4067,1
3948,0
2236,0
710,0
4673,1
6537,1
2929,0
3834,1
5559,1
789,0
1012,0
6099,1
2699,0
6218,1
2112,0
6304,1
6505,1
2914,0
1587,0
1441,1
1613,1
1603,0
6981,1
5585,1
2746,1
316,0
4737,1
5134,1
6306,1
3786,1
330,1
3017,0
1673,0
5801,1
6338,1
1498,0
32,0
5480,1
4556,0
3869,1
4636,1
3277,0
4431,1
4200,1
3206,1
1438,0
6291,1
4980,1
1476,0
3071,0
663,0
2907,0
1010,0
1333,0
4319,1
3227,0
1141,1
2928,0
2049,0
2947,0
5051,1
5218,1
932,0
1608,1
6604,1
5859,1
6560,1
1140,0
6554,1
4845,1
5364,1
2107,0
2837,0
4727,1
772,0
5009,1
1533,0
1427,0
5955,1
3794,1
6954,1
3404,0
2625,1
6738,1
749,0
5891,0
83,0
5875,1
4492,1
128,0
2523,0
6769,1
1431,0
2182,0
1852,0
4709,1
4898,1
6824,0
5546,1
4646,1
522,0
1545,0
5238,0
2295,0
4468,0
1301,0
111,0
478,0
5904,1
4281,1
6331,1
657,0
3771,1
5555,1
4958,1
3622,1
3178,0
856,0
6278,1
4888,0
5651,1
5316,1
5385,1
1432,0
748,0
2030,0
4424,1
3455,0
2352,0
3298,0
2594,0
4073,1
5920,1
1919,0
4828,1
2878,1
6235,1
353,0
4543,1
107,0
6578,1
2985,1
120,0
364,0
6214,1
1644,0
3590,1
872,1
898,0
2673,0
4881,1
2752,0
5064,1
5106,0
6375,1
3875,1
4485,1
5028,1
4341,1
4008,1
2748,0
6145,1
1903,0
6974,1
5691,1
6741,0
1524,0
3272,0
6691,1
1960,1
2027,0
5972,1
4939,1
3308,0
6514,1
2902,0
4157,1
5360,1
4369,1
5896,1
55,0
5868,1
1261,0
2327,0
340,0
3473,0
3506,1
3035,0
1727,0
1325,1
4150,1
5707,1
2018,0
482,0
3811,1
5131,1
6751,1
4230,1
1810,0
3888,1
671,0
6458,1
6419,1
1421,0
4248,0
187,0
3039,0
6729,1
1477,0
6088,1
3747,1
2471,0
1802,0
6332,0
3636,1
1512,0
6710,1
3677,1
5147,1
3662,1
3812,1
236,0
4284,1
6497,1
4631,1
2359,0
5429,1
6267,1
5287,1
4301,1
6488,1
5659,1
4477,1
1444,1
1928,0
2894,0
468,0
5501,0
1649,0
5557,1
2133,0
3668,1
2611,0
418,0
1702,0
6784,1
3419,0
950,0
1129,0
3737,1
6065,1
2973,0
437,0
6557,1
2265,1
4356,0
6618,0
1436,0
2893,1
6093,1
6756,1
2823,0
4902,0
4130,1
534,0
821,0
1848,0
1571,0
5862,1
883,0
2382,0
3876,1
1417,0
1563,0
175,0
5304,1
1995,0
5849,1
2801,0
6607,1
6003,1
2634,0
6340,1
1542,0
2989,0
1433,0
4165,1
4883,1
4534,1
1646,0
630,0
2242,0
909,0
5802,1
1925,0
6389,1
4877,1
5612,1
5642,0
2416,0
6855,1
5902,1
64,0
6999,1
5644,1
619,1
3690,1
5760,1
216,1
3632,1
6014,0
6234,1
2527,0
6564,1
5508,0
6330,1
6112,1
5425,1
2132,0
4152,1
3350,0
460,0
6135,0
2007,0
6080,1
267,0
5796,1
3767,1
2873,0
2971,0
1521,0
679,1
4278,1
817,0
5100,1
4827,1
3998,1
4084,1
35,0
2282,0
3803,1
6202,1
1291,0
1,0
2399,0
4236,0
1752,0
4137,1
2761,0
4095,1
5301,1
2719,0
3920,1
4767,0
6659,1
4734,1
1103,0
561,0
5048,1
2014,0
880,0
3741,1
1787,0
2672,0
1008,0
2990,0
6647,1
6526,1
1426,0
1120,0
3511,1
5089,1
2166,0
3707,1
1195,0
5003,1
4521,1
2517,0
5204,1
1330,0
4484,1
5407,1
4380,1
6146,1
4821,1
6531,1
2659,0
1420,0
3597,1
2179,0
6839,1
3756,1
1721,0
2541,0
1231,0
4684,0
2206,0
396,0
6998,0
3656,0
6217,1
6433,1
4276,1
1535,0
6125,1
6198,1
3165,0
3987,1
3119,0
1959,1
613,0
290,1
4487,1
5606,1
990,0
3244,0
2360,0
5593,1
5107,1
5607,1
3988,1
3576,1
4469,1
2287,0
650,0
1559,0
2970,0
487,0
2573,0
3398,0
5213,0
1772,0
4583,1
2290,0
1678,0
345,0
1313,1
3431,0
6222,1
4598,1
852,0
6259,1
6731,1
92,0
4523,1
6836,1
6069,1
6228,1
2961,0
4865,1
794,0
5386,1
2440,0
6620,1
2316,0
3861,1
2390,0
3472,0
6448,1
6890,1
5139,0
702,0
1774,0
4966,1
3716,1
4801,0
3276,0
5001,1
2941,0
2743,0
5660,0
5016,1
825,0
3224,0
4748,1
4927,1
5833,0
1525,0
2491,0
4044,0
5181,1
3594,1
4486,1
5027,1
6742,1
430,0
4527,1
2543,0
6986,1
569,0
2249,0
4489,1
3225,0
1015,0
4779,1
6376,1
6645,0
1739,0
1128,0
2102,0
4809,1
320,0
5236,1
6378,0
4638,1
6264,0
4288,1
632,0
577,0
6004,1
2925,0
5090,1
1080,0
5114,1
4466,1
3849,1
6263,1
6598,1
5700,1
1855,0
4376,1
2426,0
1917,0
3770,1
6490,0
5086,1
983,0
6369,1
1675,0
785,1
5469,1
4728,1
2762,0
1973,0
3181,0
3720,1
6988,1
3735,1
500,0
5953,1
363,0
2117,0
2905,0
6871,1
1361,1
292,0
2583,0
3315,0
6668,1
6019,1
1682,0
93,0
5727,1
5247,1
5262,1
6662,1
5078,1
6958,1
2078,0
859,0
4329,1
279,0
5149,1
3816,1
2705,0
1939,0
4544,1
6653,1
1956,0
4655,1
3202,0
2437,0
5063,1
861,0
6028,1
938,0
2135,0
2056,0
6,0
1063,0
3761,1
5839,1
3841,0
4951,1
5633,1
224,0
4541,1
1523,0
2388,0
436,0
3665,1
6360,1
1043,0
1358,0
1826,0
3105,0
5022,1
602,0
6123,1
6900,1
4905,1
6575,1
1338,0
4853,1
4124,1
6385,1
1853,0
3886,1
768,0
1308,0
2079,0
2596,0
5794,1
5539,1
5861,1
1336,0
3765,1
4007,1
2104,0
3043,0
3833,1
1931,0
3327,0
2916,0
6870,1
2997,0
464,0
6171,1
568,0
725,0
4331,1
1818,0
1526,0
5030,1
1964,0
395,0
2279,0
5754,1
660,0
813,0
2101,0
1143,0
1035,0
3942,1
25,0
1823,0
4097,1
2457,0
6920,1
6292,1
3467,1
1815,0
6699,1
3107,0
5500,1
1962,0
1765,0
773,0
4026,1
3835,1
5725,0
3960,1
6819,1
1153,0
201,0
5538,1
2070,0
1986,1
4312,1
5113,1
5123,1
6894,1
5808,1
5199,1
6568,1
5362,1
790,1
2346,0
139,0
1886,0
338,0
260,0
36,0
719,0
4513,1
5586,1
6772,1
4350,1
376,0
2525,0
3642,1
620,0
2653,0
3147,1
4211,1
1107,1
2618,0
302,0
1075,0
5992,1
5643,1
6120,1
6311,0
4714,0
362,0
6063,1
1565,0
3531,1
5187,1
733,0
953,0
481,0
6937,1
2474,0
272,0
6183,0
6893,1
2881,0
6918,1
4046,1
5169,1
6316,1
709,1
5903,1
5261,1
4013,1
2849,0
4445,1
2861,1
130,0
5431,1
2950,0
5599,1
5526,1
4723,0
1365,1
490,0
4771,1
89,0
1635,0
1992,0
3865,1
351,0
2234,0
3075,0
1218,0
3789,1
6073,1
3925,0
1942,0
399,0
875,0
6116,1
6969,1
1049,0
4500,1
1821,0
1100,0
6124,1
4381,1
2024,0
3475,0
6882,1
137,0
3113,0
421,0
5812,1
1401,0
4800,1
2083,0
963,0
3808,0
3211,0
1101,0
5901,1
5495,1
2515,0
6017,1
2535,0
2738,0
5068,1
435,0
4907,1
2303,0
5820,1
829,0
788,0
4770,1
5219,1
4749,1
4887,1
456,0
5684,1
2073,1
3060,1
4647,1
1451,1
3176,1
3581,1
1105,0
5597,1
1770,0
398,0
6347,1
797,0
3658,1
6841,1
6696,1
3220,0
5806,1
4974,1
3409,0
1458,0
1664,0
1334,0
755,0
65,0
177,1
1747,0
6432,1
4143,1
4140,1
26,0
3051,0
525,1
5397,1
3301,0
4535,1
4300,1
5242,1
2369,0
3663,1
4023,1
664,1
3941,1
3229,1
4605,1
2456,0
1221,0
1742,1
4884,1
332,0
5871,1
5999,1
3891,1
5093,1
598,1
4895,1
5266,1
2434,0
5962,1
1459,0
146,0
1415,0
739,0
3823,1
228,0
3076,0
6666,1
498,0
7,0
1977,0
902,0
4686,1
3379,0
5244,1
5563,1
370,0
4844,1
2365,0
2701,0
6034,1
1237,0
3643,1
3286,0
1932,0
5616,1
1219,0
949,0
1717,0
2183,0
4030,1
2576,0
2325,0
3585,1
5506,1
138,0
5578,1
2017,0
251,0
3784,1
5683,1
1090,0
2016,0
3372,0
4875,1
4305,1
3846,0
5786,1
912,0
2863,0
2415,0
4471,1
1281,0
2682,0
5447,1
2307,0
2118,0
911,0
4442,1
3432,0
5779,1
2158,0
3584,1
2670,0
3450,0
1241,0
1089,0
2977,1
4194,1
158,0
1708,0
2425,0
936,0
5112,1
1829,0
6037,1
6593,1
1250,0
6807,1
1108,1
6635,1
736,0
3604,1
3448,0
954,0
3155,0
5638,1
283,0
6992,1
2753,0
3245,0
2066,0
1978,0
3974,0
1792,1
5391,1
6641,1
6242,1
5773,1
4185,1
3197,0
4889,1
2005,0
4667,1
6642,1
2475,0
4193,1
2787,1
6386,0
3826,1
5021,1
892,0
2644,0
6877,1
5185,1
4573,1
4563,1
1725,0
5116,1
2051,0
6322,1
242,0
5600,1
3951,0
6444,1
2046,0
3900,1
403,0
6491,1
50,0
6113,1
4089,1
4229,1
5312,1
558,0
2774,0
4793,0
1208,0
5166,1
1151,0
9,0
3755,1
1707,1
2593,0
4777,1
5829,1
1614,0
1071,0
6889,1
5402,1
6656,1
716,0
1896,0
6359,1
3262,0
3444,0
4175,1
4425,1
2123,0
318,1
5042,1
4133,1
1672,1
5118,0
4645,1
4128,1
3635,1
427,0
3426,0
4158,1
2536,0
5161,1
2591,1
546,0
5404,1
262,0
254,0
2533,0
6961,1
666,1
6106,1
171,0
1176,0
5084,1
3125,0
1482,0
1906,0
4695,1
4850,1
5534,1
1900,0
3343,0
693,0
4309,1
6105,1
6649,1
4314,1
2115,0
4674,0
6590,1
2096,0
4168,1
4731,1
4857,1
781,0
4504,1
6625,1
3935,1
541,0
4804,1
5234,0
520,0
4028,1
2678,0
5928,1
3818,1
6811,1
2728,0
882,0
5674,1
6067,1
6247,1
5562,1
5037,1
6921,1
6142,1
1171,0
4203,0
3158,0
1446,0
4476,1
4092,0
2636,0
2838,0
3422,0
3192,0
1329,0
3757,1
6804,1
6768,1
4577,1
75,0
4478,1
826,0
6985,1
6196,1
2194,0
4758,1
5759,1
1466,0
2665,0
3783,1
5128,1
2387,0
4716,1
6499,1
4516,1
5724,1
945,0
2190,0
6852,1
842,0
6207,1
4726,1
470,0
4192,1
2872,0
5973,1
3016,0
122,0
1592,0
3329,0
225,0
5509,1
2803,1
1856,0
4863,1
6785,1
2677,0
6445,1
3077,0
845,0
572,0
2356,0
5237,1
5804,1
3179,1
3232,0
3672,1
2481,0
154,0
476,0
4668,1
3710,1
4399,1
3087,0
1690,0
278,1
526,0
5104,1
6157,1
4950,1
6945,1
1087,0
6161,1
382,0
1099,0
4273,1
5135,1
2530,0
3237,0
4775,0
5182,1
5071,1
6572,1
918,1
3032,0
207,0
5934,1
4712,0
3168,0
3401,0
4968,1
6117,1
4989,1
3739,1
6026,1
1215,0
297,0
1490,0
527,1
6134,1
442,0
2120,0
3532,1
3732,1
3529,1
1138,0
4387,0
536,0
5193,0
6849,1
5368,1
5679,1
2374,0
3523,1
6657,1
5604,1
4441,1
3416,0
1836,0
3373,0
2453,0
5259,1
167,0
2008,0
6417,1
47,0
2201,0
3689,1
4685,1
397,0
1507,0
4295,1
2612,0
2004,0
5776,1
5378,1
6302,1
6215,0
986,0
6654,1
6394,1
1434,0
2532,0
6518,1
237,0
2119,0
2286,0
5680,1
2114,1
1104,0
1782,0
802,0
6020,1
6705,1
3641,1
2421,0
5723,1
3084,0
3976,1
5592,1
1737,0
5081,1
347,0
3730,1
3887,1
5882,0
6136,0
4932,1
34,0
2245,0
3247,0
4078,1
1468,0
5899,1
6163,1
564,0
4829,1
5781,1
3778,1
74,0
855,1
309,0
1780,0
282,0
4371,1
6237,1
3306,0
547,0
1945,0
3754,1
6288,1
4117,1
1570,0
2581,0
1158,0
1680,0
720,0
291,0
2931,0
540,0
465,0
2232,0
1036,0
4822,1
4397,1
1047,0
4104,1
5790,0
2315,0
4954,1
4502,1
6603,1
3921,1
60,0
1599,0
6973,1
1189,0
3536,1
5522,1
4930,1
3564,1
5954,1
6456,1
2443,1
3215,0
615,0
535,0
5570,1
6281,1
3402,0
4510,1
4351,1
4824,1
581,0
3485,0
4549,1
195,0
1263,1
172,0
4766,0
2822,1
3740,1
5347,1
3457,0
2870,0
2569,1
924,0
2750,0
1013,0
5355,1
6283,1
1173,0
1562,0
2597,0
3495,0
1641,0
4657,1
5343,0
6776,0
3498,0
1430,0
1760,0
4426,1
4656,1
6569,1
5985,1
78,1
604,0
1239,0
5370,1
415,0
5366,1
3021,0
6143,1
982,1
1164,1
1779,0
5874,1
6574,0
4049,1
5252,1
5411,1
586,0
595,0
1811,0
812,0
1949,0
3118,0
6678,1
1167,0
4444,0
1930,0
3801,0
4796,1
4630,1
220,0
5321,1
1065,0
5442,1
1692,0
4432,1
4323,1
2013,0
6601,1
3357,1
5293,1
774,0
3383,0
305,0
3552,1
2959,0
439,0
713,0
6412,1
223,0
3157,0
3549,1
5426,1
1024,0
6480,1
1082,0
2727,0
4503,1
2293,0
734,0
1674,0
4339,1
4925,1
3256,0
6087,0
3844,1
3190,0
5379,1
3378,0
6858,1
2113,0
3255,0
1643,0
357,0
530,0
6743,1
5082,1
1093,0
3560,1
3185,0
4632,1
5422,0
6646,1
5449,1
5478,1
2337,0
4081,1
5180,1
3503,1
6916,1
4560,1
6220,1
5200,1
6739,1
4428,1
1858,0
5974,1
6823,1
2424,0
3620,1
6233,0
6806,1
1366,0
414,0
3586,1
2330,0
3582,1
6580,1
2697,0
5625,1
5210,0
3958,0
6534,1
4995,1
6438,1
508,0
4904,1
6778,1
2448,0
1781,0
3616,1
6485,1
4436,1
5198,1
4252,1
3685,1
5117,1
1402,0
2818,0
1872,0
6286,1
180,0
4012,1
4566,1
2173,0
2778,0
5925,1
3884,1
87,0
4856,1
6190,1
539,0
3446,0
4691,1
4062,1
4697,1
3279,0
4178,1
4876,1
41,0
5980,0
5932,1
6831,1
2846,0
2930,0
6846,1
5746,0
2383,0
1391,0
4149,1
387,0
1863,1
1327,1
6701,1
5753,1
6888,1
5484,1
1801,0
1955,1
6149,0
4799,1
2595,0
747,0
764,0
5864,1
4155,1
4690,1
5824,1
765,0
1270,0
6611,0
3699,1
2703,0
5475,1
5177,1
151,0
1032,0
2508,0
1442,0
4836,1
346,0
3468,0
6853,1
2630,0
1670,0
5272,1
4332,1
3307,0
706,0
5648,1
6452,1
3434,0
5735,1
3670,1
1400,0
3159,0
2240,0
6848,1
4183,1
521,0
6341,1
5682,1
4462,1
6328,1
1201,0
6373,1
5816,1
584,0
6492,1
1509,0
3624,0
3466,1
6842,0
5073,1
1142,0
4670,1
10,0
3510,1
3518,1
1658,0
2964,0
3006,0
5430,1
2671,0
3269,0
2099,0
3793,1
5887,1
3573,1
3213,0
3857,1
3366,0
4070,0
2276,0
1408,0
6609,1
5050,1
6483,1
3387,0
2910,0
1647,0
4625,1
688,0
3355,0
4669,1
6236,1
4834,1
1677,0
1149,0
4005,1
4018,0
5108,1
1493,0
6506,1
1323,0
4751,1
5097,1
6507,1
5275,1
2946,0
5126,1
3193,0
2087,0
917,0
3541,1
3539,0
4528,1
3889,1
707,0
4550,1
583,0
2633,0
4004,1
6589,1
6290,1
4694,0
5552,1
5013,1
6431,1
2254,0
4744,1
2321,0
1636,0
5950,1
4091,1
3686,1
1607,0
1569,0
5517,1
3093,0
1808,0
2480,0
499,0
3684,1
4213,1
5443,1
5229,1
816,0
3445,1
4242,1
5866,1
6545,1
629,0
6720,1
1196,0
4414,1
5241,0
204,0
3120,0
3814,1
5956,1
6496,1
2650,0
2747,0
6971,1
3116,0
1754,0
4798,1
6210,0
6749,1
979,0
3528,1
549,0
6694,1
5494,1
1425,0
4859,1
3319,0
576,1
1452,0
5722,1
4835,1
5880,1
341,0
5216,1
4867,1
6576,1
5092,1
303,0
3240,1
5020,1
5750,1
4983,1
2869,0
241,1
6096,1
1479,0
786,0
1597,0
170,0
3266,0
6418,1
896,0
1127,0
6529,1
2775,0
1376,0
4126,1
1617,0
1895,0
2129,0
5709,1
635,0
4617,1
6579,1
4681,1
5577,1
670,0
3978,1
5432,1
3214,0
2794,1
681,1
2312,1
4031,1
4259,1
5531,0
3415,0
3992,1
6158,1
5160,0
5487,1
5886,1
2769,0
1585,0
6449,1
5838,1
1349,0
866,0
5717,1
6830,1
6364,1
6797,1
6457,1
1767,0
4294,1
6990,1
6320,0
4678,1
6355,1
3787,1
6055,0
2557,0
5872,1
4733,1
5317,1
1193,0
2937,0
3180,0
1220,0
3753,1
5265,1
1194,0
2627,0
6707,1
5914,1
5747,1
1698,0
5282,1
2476,0
4639,1
5465,1
485,0
6295,1
3330,0
2647,0
5017,1
2281,0
1943,0
2816,0
3782,0
947,0
1489,0
1860,0
4643,1
1096,0
2124,0
4911,1
2655,1
5854,1
6944,1
5415,1
2824,0
510,0
4035,1
1861,1
446,0
1359,0
533,0
3252,0
6695,1
2668,0
6571,1
3313,0
6714,1
2731,0
5970,1
1730,0
3602,1
4702,1
6463,1
5514,1
6547,1
6451,1
1688,0
5524,1
160,0
3940,1
4996,0
5351,1
2679,0
1551,0
6298,0
5381,0
3097,0
2225,0
6670,1
4459,1
2601,0
2081,1
4210,1
614,0
4187,1
3837,1
4127,1
3970,1
5665,1
2001,0
2553,0
5505,1
1661,0
6275,1
142,0
258,1
1496,0
1602,0
2741,0
649,0
2323,0
3751,1
970,0
5703,1
3007,1
6076,1
2500,0
1363,0
3056,0
4366,1
6925,1
6368,1
1696,0
6141,1
2449,1
1911,0
4846,1
406,1
1805,0
1813,0
2933,1
6066,1
4408,1
3479,0
463,0
1223,0
4223,1
5649,1
3997,1
4199,1
4377,1
1631,0
683,0
2833,0
4900,1
1118,0
3459,0
2580,0
5529,1
3926,1
3340,0
199,0
2121,0
5460,1
2350,0
4135,1
4164,1
2410,0
4860,1
4142,1
2528,0
5655,1
365,0
2071,1
6098,1
4383,1
3226,0
3031,0
3064,0
2549,0
1388,0
1581,0
2062,0
6487,1
2609,0
38,0
2952,0
3917,1
2556,0
3278,0
2686,1
6434,1
1057,0
5062,1
5964,1
1097,0
3752,1
1471,0
5340,1
3879,1
452,0
4921,1
828,0
6550,1
2936,0
5315,1
722,0
6832,1
6582,1
2888,0
1595,0
5751,1
3971,1
3096,0
3748,1
5201,1
6675,1
4379,1
4077,1
4894,1
6679,1
2259,1
2026,0
6857,1
3352,1
6358,1
6482,1
1445,1
4722,0
4564,1
6023,1
429,0
3950,1
1210,0
916,0
4262,1
5007,1
2613,0
2494,1
1000,0
56,0
3020,0
4993,1
208,0
2111,1
1440,0
425,0
697,0
1265,0
1623,0
1593,0
2301,0
4588,0
4820,1
6246,1
5510,1
978,0
6450,1
5057,1
819,0
6467,1
5419,1
1467,0
5923,1
621,0
5205,1
4006,0
3048,0
1778,0
4066,1
336,1
2642,0
1083,0
2607,1
3569,1
4024,1
5105,1
390,0
737,0
113,0
1068,0
3923,1
937,0
2299,0
6454,1
257,0
2238,0
1339,0
1152,0
6192,1
992,0
1846,0
2558,0
1972,0
4610,1
4622,1
3664,1
6650,1
132,0
2462,1
4131,1
441,0
4160,1
2029,0
1668,0
2175,0
5083,1
6498,1
1598,1
2725,0
6957,1
2572,0
1294,0
135,0
6425,1
1659,0
1744,0
1278,0
5222,1
5023,1
3546,1
5943,1
4057,1
129,0
2700,0
27,0
5650,1
4548,1
1234,0
6313,0
6672,1
6682,1
4043,0
5283,1
5053,1
459,0
3558,1
2391,0
2009,0
6370,1
2466,0
4457,1
1804,0
6965,1
202,0
6206,1
4201,1
3651,1
964,0
124,0
3025,0
6847,1
1965,0
2972,0
2960,0
4542,1
5672,1
2996,0
647,0
5630,1
3323,1
4308,1
1757,0
1588,0
935,0
1450,0
523,0
1353,0
3138,0
1188,0
4313,0
5629,1
3440,0
6126,1
877,0
3294,0
2022,0
5031,1
66,0
3694,1
4357,1
1481,0
6266,1
3892,1
6524,0
3429,0
5749,1
5742,1
1944,0
4756,1
5226,1
3931,1
4384,1
3542,1
6996,1
782,0
2163,0
4120,1
226,0
760,0
5869,0
514,0
1605,0
4279,1
2891,0
3930,1
5281,1
908,0
193,0
5329,1
742,0
612,0
5140,1
1870,0
5440,1
3638,1
401,0
3540,1
849,0
5687,1
1728,0
374,0
5488,1
2935,0
4633,1
4949,1
1007,0
6702,1
6520,1
409,0
578,0
692,0
1611,1
2734,0
655,0
4540,1
5077,1
3839,1
5356,1
5289,1
3133,0
590,0
2906,1
1575,0
4574,1
3129,0
6061,1
2396,0
3124,0
2660,0
1871,0
6712,1
743,0
6176,1
182,0
5243,1
4338,0
2716,0
1053,0
4909,1
653,0
148,0
708,0
369,0
23,0
3312,0
1285,0
1957,0
2260,0
1199,0
4508,1
469,0
6746,1
1192,0
106,0
1484,0
5761,1
350,0
4019,1
1260,1
48,1
6091,1
4808,1
1443,0
6570,1
4251,1
5551,1
6706,1
2511,0
5220,1
3608,1
6565,1
5993,1
6721,1
3033,0
2771,0
6724,1
5087,1
6543,1
2125,0
30,1
2306,0
1226,0
2329,1
3413,0
5780,1
173,0
2676,0
6437,1
3241,0
5310,1
5908,1
5468,1
6843,1
807,0
1469,0
3902,1
5748,1
5789,1
5070,1
3195,0
493,0
1001,0
2317,0
5345,0
6880,0
972,0
6794,1
5453,1
6077,0
2811,0
384,0
4773,1
4110,1
1663,0
3345,0
1701,0
4112,1
5584,1
1058,0
640,0
3010,0
2813,0
5855,1
6577,1
1186,0
2662,0
6262,0
1716,0
2469,1
1920,0
3143,0
6258,1
5602,0
585,0
5025,1
6951,1
76,0
5583,1
2368,0
625,0
3403,0
3713,1
1407,0
1905,0
4735,1
375,0
80,0
2170,0
4125,1
2786,0
2793,0
5975,1
189,0
6726,1
6479,1
6886,1
5909,0
2059,0
4449,1
5339,1
2248,0
1383,0
5014,0
5755,1
6700,1
3476,0
6115,1
3106,0
2110,0
240,1
1517,0
5528,1
676,0
3702,1
6219,1
5636,1
6435,1
1382,0
1205,0
2454,0
5253,1
1027,0
1816,0
5878,1
6103,1
3430,0
4795,1
2830,0
6239,1
3055,0
628,0
2373,0
5876,0
3070,1
2367,0
5542,1
1292,0
6114,1
4948,1
2814,0
3150,0
2826,0
3852,0
2614,0
4048,1
4982,1
6398,1
3617,1
6380,0
1654,0
140,1
1589,0
2496,0
4037,1
6912,1
4916,1
5968,1
1069,0
1136,0
4325,1
999,0
2715,0
3200,1
6429,1
24,0
2149,0
4724,1
261,0
3910,1
3040,0
3297,0
5938,1
2422,0
3490,0
3609,1
1695,0
8,0
1066,0
1902,0
4985,1
1713,0
3061,0
400,0
6002,1
6289,1
1994,0
1539,0
6442,1
4134,1
864,0
6736,0
2433,0
6118,1
4303,1
3328,0
3101,0
3362,0
2568,0
5910,1
890,0
4765,0
4947,1
5613,1
698,0
4139,1
293,1
4519,0
4055,1
4990,1
2724,0
2297,0
5079,1
3788,1
4041,0
1112,0
631,0
212,0
4054,0
6408,1
1609,0
6856,1
5957,1
2376,0
198,0
6329,0
3781,1
6892,1
6203,1
4619,0
6997,1
6015,1
3944,1
1934,0
3535,0
570,0
4786,1
3141,0
5058,1
3728,1
2631,0
295,0
3171,0
2876,0
5292,1
6053,1
5298,1
4348,1
4917,1
3310,1
1204,0
5594,1
567,0
2446,0
3000,0
2439,0
5341,0
6793,1
2085,1
2509,0
3623,1
5441,0
6644,1
1645,0
4587,1
3815,1
6770,1
750,0
1161,0
4001,1
2074,0
277,0
4254,1
1146,0
294,0
977,0
4355,1
1761,1
3018,0
1168,0
3517,1
2314,0
3324,0
3545,1
6783,0
6367,1
1369,1
5611,1
904,1
4609,1
4163,1
2585,0
5873,1
5693,1
1314,0
4085,1
3915,1
1726,1
2357,0
5647,1
6231,1
6100,1
5609,1
5857,1
4430,1
5671,1
1397,0
1244,0
833,0
149,0
3647,1
2348,0
6711,1
184,1
887,0
920,0
1487,0
2926,0
3634,1
5826,1
6029,1
6486,1
672,0
1908,0
2108,1
2035,0
2231,0
264,0
3299,0
2504,0
4692,1
6687,1
1411,0
6536,1
3030,0
6780,1
209,0
6566,1
2250,0
2395,0
5532,0
1500,1
2291,0
1084,0
1267,1
1109,0
3547,1
2749,0
3454,0
4730,1
5332,1
2882,0
3437,0
5044,1
3322,0
3966,1
809,0
3170,0
3028,0
2875,0
3254,0
3975,1
3029,0
6827,1
6471,1
51,1
6632,0
5133,0
4465,1
3154,0
1969,0
2713,0
1362,0
1514,0
2152,0
6131,1
112,0
5945,1
168,0
2322,0
5598,1
4671,1
5372,1
6559,1
6901,1
2602,0
5652,1
4256,1
1245,0
1354,1
3758,1
4235,1
1157,0
3537,1
5983,1
3326,0
5393,1
6942,1
1115,0
2483,0
853,0
6984,1
4435,1
6387,1
2258,0
3899,1
53,0
4061,1
6885,1
2177,0
6334,1
6396,1
4715,1
3700,1
5091,1
2552,0
5658,1
2841,0
1212,0
4920,1
4263,1
3145,1
4448,1
6416,1
6188,0
3848,1
3994,0
6834,1
4585,1
3591,1
6606,0
2765,0
5787,1
515,0
6391,1
2709,0
356,1
6379,1
2710,0
529,0
3320,0
59,0
948,0
5434,0
281,0
5279,1
3348,0
1629,0
2782,0
4180,1
5401,1
5966,0
5979,1
451,0
3575,1
2732,0
5481,1
1276,0
1283,0
4047,1
6553,1
1530,1
4033,1
805,0
6623,1
1529,0
2554,0
3749,1
5550,1
49,0
2691,0
3054,0
801,0
6147,1
1367,0
424,0
6725,1
0,0
4568,1
5072,1
2034,1
1269,0
176,0
6268,1
512,0
1286,0
1462,0
2409,0
5235,1
5499,1
2384,0
766,0
1348,0
3785,0
2482,0
1054,0
6409,1
6079,1
2455,0
5358,1
532,0
6178,1
6232,1
6905,0
380,0
1866,0
6327,1
3346,0
2681,0
5939,1
930,1
2626,0
2526,0
6933,1
6993,0
419,0
4721,0
3714,1
1480,0
1059,1
1970,0
4176,0
73,0
3173,0
2604,1
2880,0
1252,0
4394,1
1894,0
2598,0
1864,0
1461,0
4603,1
1181,0
6344,1
488,0
1124,0
1257,1
1541,0
388,0
3065,0
3919,1
6252,1
2211,0
1290,0
2510,1
2995,0
4957,1
6674,1
455,0
815,0
1086,0
2920,0
2638,0
3130,0
6828,1
6825,1
1279,0
4700,0
1429,0
2777,0
2222,0
352,0
4419,1
5280,1
3719,1
3389,0
3873,1
2082,0
1203,1
1405,0
6054,1
1699,0
1705,1
2913,0
4718,1
6415,1
6153,1
1274,0
2207,1
163,0
2047,0
5661,1
3280,1
3360,0
3688,1
6464,1
6664,1
408,0
4238,1
4118,1
5971,1
5101,1
641,0
5959,1
1343,0
4480,1
888,0
1557,0
1085,0
3927,1
531,0
3008,0
2447,0
6689,1
6896,0
2767,0
1671,0
2109,0
1148,1
4882,1
3166,0
266,0
3763,1
6815,1
3736,1
360,0
1460,0
3421,0
952,1
2160,0
6875,1
1574,0
6226,1
3337,0
6296,1
5125,1
5427,0
1842,0
2208,0
2979,1
3436,0
5828,1
754,1
5307,1
1378,0
980,0
2100,0
286,0
3533,1
3088,0
1154,0
5175,1
1511,0
5994,0
4231,1
3261,0
5610,1
2191,0
211,0
6127,1
3164,0
274,0
88,0
2798,0
2324,1
298,0
4663,1
3674,1
6377,1
3776,1
5847,1
315,1
6261,1
2151,0
3288,0
3117,0
6517,0
2020,0
6075,1
2974,0
1275,0
2413,0
528,0
4404,0
1505,0
3598,1
5470,1
5230,1
5299,1
3681,1
1318,0
3380,0
4929,1
3034,1
2380,0
4811,1
6082,0
4311,1
2616,0
1166,1
4725,1
3471,0
5905,1
6540,0
6655,1
6094,0
2871,0
1222,0
5977,1
6810,1
4255,0
1982,0
5981,1
4020,1
371,0
3482,0
2131,1
3418,0
3424,0
1538,0
6781,1
2744,0
1553,0
4335,1
5525,1
2817,0
5916,1
618,0
2381,0
5186,1
4391,1
4526,1
4375,1
3524,1
2629,0
6779,1
4123,1
6274,1
2766,0
3895,1
1656,0
4818,1
969,0
1843,0
3024,0
3151,0
3386,0
6250,1
5046,1
1211,0
6027,1
1428,0
6469,0
426,0
4094,1
5574,1
4271,1
1923,0
4689,1
3395,0
6612,1
404,0
491,0
6411,1
3494,0
824,0
2542,0
3673,1
4943,0
2790,0
6829,1
3515,1
6130,1
6795,1
4969,1
1788,0
5466,1
2187,0
2145,0
4505,1
3246,1
1841,1
5047,1
5400,1
1209,0
974,0
474,0
3311,0
215,0
656,0
4596,1
3235,1
2519,0
1583,1
4634,1
6168,1
1130,0
3038,0
2063,0
6873,1
4592,1
4407,1
131,0
4347,1
5410,1
3566,1
1341,0
2184,0
6960,1
4743,0
594,0
6473,1
6363,1
810,0
247,0
5834,1
4374,1
29,0
1119,0
3363,0
4842,1
2792,0
4243,1
4755,1
6013,1
1974,0
4666,1
633,0
46,0
6280,0
4745,1
6030,1
868,0
4986,0
1320,0
6185,1
4923,1
1543,0
6138,1
4129,1
3559,1
5512,1
4217,1
2503,1
5153,1
3567,1
4693,1
3058,0
860,0
4105,0
2138,1
1984,0
4885,1
2310,0
2759,1
2531,0
848,0
1243,0
4713,1
4174,1
4270,1
5325,1
3045,0
1180,0
3460,0
4330,1
2371,0
2,0
6817,1
6952,1
1755,0
4011,1
5572,1
1048,0
5336,1
1418,0
5034,1
4491,1
6617,1
862,0
3863,1
6119,1
6723,1
2551,0
6922,1
2431,1
3797,1
310,1
1618,0
1092,0
1940,0
5933,1
3825,1
1229,1
4855,1
6615,1
5463,1
1733,0
6975,1
4759,1
3750,1
3063,1
5618,1
2622,0
1393,0
4838,0
4562,1
4349,1
6395,1
2834,0
5608,1
2405,1
3009,0
4122,1
762,0
5110,1
3890,1
6159,1
966,0
5696,1
3314,0
3441,0
682,0
4959,1
2546,0
991,0
914,0
5825,1
5568,1
6665,0
185,0
922,0
6128,0
4170,1
3556,1
6688,1
1619,0
1830,1
2484,0
3148,0
740,0
6179,1
971,0
2564,0
4915,1
3962,1
5560,1
1116,0
5805,1
156,0
2467,0
3860,1
831,0
5454,1
835,1
2825,0
502,0
6538,1
989,1
3937,1
923,0
2044,0
1980,0
249,0
3911,1
5152,1
2683,0
1346,1
6399,1
5995,1
3653,1
355,0
744,0
844,0
723,0
1976,0
2955,0
4340,1
2214,0
5394,1
6673,1
3648,1
3870,1
4488,0
5842,0
3292,0
5898,1
1258,0
2988,0
85,0
746,0
5276,1
1867,0
1315,1
5197,1
3898,1
5008,1
962,0
4650,1
265,0
2428,0
4116,1
3086,0
3139,0
2069,0
4202,1
4533,1
1800,0
2235,0
3543,1
3062,0
2212,1
6814,1
4266,1
6592,1
1985,0
1371,0
2122,0
5772,1
3907,1
6719,1
5254,1
5223,1
2057,0
6717,1
5663,1
3947,1
2058,0
3711,1
2904,0
4922,1
3838,1
6284,1
6932,1
284,0
95,0
6677,0
2664,0
3955,1
3442,0
5960,1
6879,1
2649,0
6512,1
2280,0
5536,1
2521,0
3613,1
5931,1
1284,0
4022,0
2003,1
5346,1
2153,1
3764,0
2239,0
3932,1
6001,1
5352,1
4151,1
4578,1
43,0
3956,1
5917,1
5639,1
4416,1
5437,1
2802,0
3089,0
5127,1
6392,1
5533,1
6287,1
4333,1
5893,1
1809,0
1003,0
3859,1
5148,1
2393,0
1076,0
6503,1
3855,0
3412,0
5982,1
5295,1
300,0
2898,0
2507,0
942,0
6164,1
2370,1
1259,0
6089,1
2522,0
3156,0
4559,1
4101,1
841,0
1868,0
326,0
2436,0
6109,1
3208,0
6495,1
1464,1
4988,1
3131,0
2061,0
4790,1
4483,1
2571,0
3103,0
3333,0
603,0
4938,1
4418,1
5963,1
865,1
1890,0
4042,1
6430,1
6716,1
5561,1
3367,0
1280,0
830,0
3149,0
3799,1
1904,1
4551,1
4403,1
2050,0
1302,0
328,0
4849,1
1704,0
2493,0
6929,1
4025,1
5814,1
479,0
3629,1
1175,0
6406,1
2957,0
4010,1
117,0
5653,1
2862,0
879,0
1029,0
466,0
5464,1
6064,1
6515,1
3083,0
5294,1
5452,1
1901,0
1975,0
776,0
4664,1
1786,0
6271,1
6101,1
6930,1
5188,1
5353,1
84,0
1665,1
3487,0
5184,1
2789,0
4851,1
2143,0
2199,0
511,0
3209,0
731,0
2220,0
6160,1
4626,1
6197,1
4861,1
5575,1
2783,0
2002,0
5457,1
6798,1
3666,1
6381,1
4470,1
1633,0
6276,1
2757,1
2859,0
1184,0
5810,1
3122,0
3184,0
2055,0
5889,1
4334,1
4083,0
127,0
4450,1
164,0
6631,1
1510,0
3199,1
6850,0
1319,0
5587,0
2540,0
472,1
1997,0
18,0
3952,1
2956,0
2042,0
5158,1
2137,0
1025,1
97,0
6968,1
5935,1
3114,0
5119,1
6110,1
2835,0
3161,0
5940,1
449,0
550,0
6638,1
4372,1
3744,1
178,0
4529,1
3654,1
1340,1
6801,1
3548,1
5775,1
3520,1
1591,0
5739,1
1516,1
741,0
4963,1
1769,0
6481,1
483,0
6561,1
2810,0
2021,0
6926,1
1910,0
2485,0
6240,1
780,0
4644,1
6059,1
77,0
4878,1
1889,0
5103,1
6903,1
6455,1
673,0
2203,0
4782,1
4971,0
458,0
2865,0
6085,1
6006,0
5363,0
752,0
121,0
3637,1
699,0
2924,0
6208,1
1492,0
6911,0
5540,1
1948,0
2086,1
3365,0
31,0
2154,0
5846,1
6167,1
2758,0
69,0
1449,1
5215,1
6777,1
3175,0
3627,1
3877,1
5286,1
3959,1
6643,0
3221,0
3146,0
1531,0
4501,1
5338,0
2432,0
4361,1
3574,1
5554,1
3182,0
1912,0
504,0
339,0
4910,1
3580,0
6552,0
798,0
5026,0
6443,1
4840,1
5074,1
6562,1
6733,1
61,0
1775,0
5698,0
2845,0
6910,1
2460,0
6948,1
4237,1
6748,1
1567,0
4289,1
4742,1
6177,1
4456,1
2848,0
1689,0
4153,1
2986,0
2419,0
4454,1
6613,1
1568,1
3965,1
6212,1
2339,0
2094,0
5019,0
2041,0
4373,0
2200,0
6935,1
2272,0
381,0
3864,1
2412,0
5547,1
3912,1
1390,0
5120,1
6681,1
3914,1
1952,0
4162,1
5151,1
2915,0
5835,1
6172,1
2342,0
4209,1
245,0
1439,0
1022,0
3233,0
5076,0
411,0
2261,0
1062,0
4212,0
6868,1
6634,1
4343,1
3561,0
665,0
6909,1
6511,1
4188,1
6919,1
114,0
3989,0
5472,1
2302,0
2477,0
3250,0
118,0
1981,0
2180,0
162,0
263,0
5690,1
5409,1
4342,1
775,0
4871,1
4648,1
5209,1
6357,1
4676,1
4940,1
5556,0
4473,1
651,0
3723,1
6324,1
1170,0
6447,1
3011,0
6931,1
3874,1
6924,1
1368,0
897,0
928,0
4772,1
14,0
2548,0
967,0
1106,0
6866,1
4336,1
3968,1
1254,0
2648,0
2923,0
6032,1
4780,1
4264,1
6934,1
1639,0
1133,1
6539,1
3519,1
1878,0
5811,1
271,0
1473,0
5349,1
1547,0
4310,1
6519,1
4440,1
838,1
5711,1
2195,0
1835,0
4891,1
412,1
1712,0
4438,1
5043,1
2795,0
2221,0
5853,0
377,1
1491,0
738,0
3377,0
3615,1
6446,1
52,0
4114,1
5405,1
2269,0
5094,1
3094,1
1389,0
3188,0
3478,0
3433,0
4191,1
5595,0
2309,0
3222,0
2590,0
1632,0
4275,1
3174,0
5694,1
4812,1
2976,1
4280,1
467,0
6680,1
903,1
6648,1
71,0
3217,0
6493,1
1898,0
5052,1
3995,1
6413,1
1207,0
2077,0
1590,0
2844,0
5159,1
5624,1
2205,0
2980,0
658,0
63,0
1838,0
4000,0
5172,1
3036,0
454,0
5479,1
402,0
5085,0
5541,1
1472,0
677,0
3356,0
1616,0
1251,0
1983,0
3425,0
4918,1
5059,1
3843,1
4931,1
1033,0
174,0
939,0
3102,0
4787,1
2587,0
334,0
873,0
2853,0
1486,0
6151,1
4293,1
296,0
6799,1
6703,1
5626,1
3845,1
5841,1
4218,1
3760,1
378,1
3110,1
2770,0
3918,1
4138,1
2210,1
2172,0
2599,0
2052,0
915,0
5967,1
6943,1
6698,1
4707,1
5867,1
2335,0
3820,1
956,0
5728,1
1887,0
6991,0
3717,1
4027,1
1182,1
6982,1
5004,1
4602,1
4452,1
1423,0
6970,1
2400,0
2892,0
5250,1
3596,1
1722,0
1667,0
2884,0
2994,1
4763,1
886,0
4056,1
5380,1
6693,0
333,0
153,0
5516,1
5936,1
721,0
373,1
312,0
1849,0
1622,0
42,0
2693,0
5067,1
6967,1
4618,1
417,0
4858,1
4753,1
6860,1
6523,1
704,0
732,0
6684,0
944,0
6312,1
6766,1
3614,1
6504,1
1806,0
1018,0
5565,1
907,0
1693,0
2791,0
4368,1
5589,1
519,0
814,0
818,0
3449,0
4830,1
1522,0
1638,0
6891,1
3557,1
6587,1
1700,0
3526,1
5217,1
3734,1
6272,1
6010,1
3046,0
1883,0
2592,1
379,0
3775,1
4003,1
2251,0
4439,1
2148,0
3726,1
2144,0
2566,1
6038,1
1803,0
6789,1
5357,0
3621,1
6108,1
5520,1
3967,1
1594,0
4328,1
4890,1
1706,0
6884,1
3790,1
1820,0
2562,0
6501,1
2559,0
4208,1
5095,1
6361,1
1582,0
2547,0
319,0
4321,1
5138,1
5288,1
3364,0
5545,1
6541,1
1763,0
5762,1
6472,1
2843,0
4944,1
4717,1
6616,1
2141,0
213,0
4866,1
4433,1
3497,0
803,0
6356,1
5278,1
5264,1
4132,1
105,0
4458,1
4946,1
5836,1
3805,1
2806,0
6509,1
4952,1
1465,0
2953,0
565,0
6979,1
4345,1
2524,0
1474,0
3236,0
2829,0
2502,1
317,0
1200,0
5203,1
2278,0
652,0
70,1
5763,1
2658,0
1174,0
1088,0
6950,1
410,0
4064,1
6859,1
2386,0
5121,1
2091,0
4635,1
601,1
5428,1
3013,0
4792,1
5530,1
2219,0
2465,0
5858,1
837,0
3325,0
624,0
1627,0
806,0
4978,1
5580,1
3115,0
637,0
423,0
4823,1
1996,0
4472,1
4620,1
2486,0
6619,1
150,1
3109,0
1580,0
6045,0
5870,1
626,0
3002,0
4601,1
3796,1
5941,1
3481,0
143,0
4813,1
2574,0
4662,1
4014,1
1880,0
6584,1
5251,1
3452,0
6318,1
3605,1
3342,0
5527,1
6718,1
2171,1
6282,1
4975,1
5171,1
2780,0
4720,0
6923,1
2832,1
6972,1
5462,1
2230,0
617,1
1324,1
6078,1
690,0
6773,1
2288,0
3302,0
5785,0
1350,0
5837,1
6602,1
2729,0
5926,1
5782,1
5788,1
4561,1
1187,0
1191,0
145,0
6350,1
3572,1
4420,1
3742,1
1762,0
3800,1
4802,1
4810,1
1834,1
6861,1
1111,0
2127,0
4997,1
4783,1
6310,1
5726,1
2277,0
3795,1
2499,0
6035,1
1824,0
2788,0
4196,1
4386,1
3827,1
2492,0
878,1
1455,0
391,0
4182,1
2283,1
2714,0
5371,1
5619,1
2958,0
475,0
1694,0
1295,0
2092,0
3050,0
1137,0
2072,0
5331,1
832,0
591,0
4658,1
5716,1
3592,1
5731,0
109,0
5256,1
4318,1
1052,0
1311,0
6199,1
668,0
253,0
5168,1
5715,1
5588,1
2690,0
4641,1
6621,1
5045,0
5667,1
843,0
4159,1
4509,1
6528,1
3374,0
3394,0
884,0
4547,0
5354,1
3996,1
4752,1
1879,0
5677,1
5582,0
1485,0
5423,1
2417,0
2737,0
2267,0
4173,1
3368,0
6165,1
2808,0
869,0
2468,0
3893,1
6343,0
450,0
5115,1
5656,1
1979,0
696,0
1741,0
3718,1
811,0
3284,0
2189,0
5006,1
5617,0
5145,1
505,0
3303,0
405,0
3640,1
6461,1
183,0
6867,1
1876,0
5813,1
609,0
2674,0
2033,0
3981,1
6629,1
6422,1
1968,0
6774,1
20,0
2218,0
5521,1
5686,1
2224,1
327,0
3270,0
2518,0
1874,0
6633,1
5984,0
4362,1
5986,1
6759,1
1756,0
2178,0
4961,1
6936,1
3410,0
6863,1
489,0
606,0
3212,0
2464,0
1738,0
152,0
889,0
6927,1
6423,1
3082,0
269,1
96,0
6354,1
3824,1
6713,1
5060,1
3885,1
1799,0
4967,1
1572,0
4628,1
1067,0
5195,1
2760,0
6221,0
6407,1
715,0
6293,1
4059,1
5708,1
5634,1
6947,1
4565,1
4660,1
1798,1
461,0
5373,1
2944,0
1795,0
1869,0
5489,1
1345,0
4791,1
5271,1
5848,1
5024,1
1214,0
6730,1
1372,0
243,0
4039,1
2799,0
1679,0
3850,1
1312,1
648,0
3238,1
2643,0
4409,1
155,0
3428,0
3453,0
1303,0
1150,0
3047,0
5897,1
1046,1
1640,0
1306,0
1927,0
5591,1
3439,0
4121,1
2244,0
3136,0
15,0
3538,1
5417,1
4979,1
2669,1
1360,0
1844,0
3098,0
1612,0
497,0
2840,0
4611,0
6962,1
3633,1
1478,0
5507,0
1095,0
542,0
6600,0
4729,1
4074,1
431,0
6771,1
728,0
5384,1
6353,1
4412,1
6016,1
2561,0
1337,0
3606,1
2877,0
4415,1
1031,0
6121,1
6285,1
1110,0
1888,0
3550,1
1527,0
753,0
3049,0
2628,1
562,0
6542,1
4764,1
3562,1
252,0
2516,0
2962,0
4453,1
5374,1
5396,1
1202,0
3462,0
6652,1
2797,0
4225,1
144,0
5056,1
2895,0
2763,0
905,0
5192,1
3980,1
235,0
5157,1
